{
  "Total" : {
    "transaction" : "Total",
    "sampleCount" : 500000,
    "errorCount" : 0,
    "errorPct" : 0.0,
    "meanResTime" : 1918.8827999999905,
    "medianResTime" : 1360.0,
    "minResTime" : 5.0,
    "maxResTime" : 4811.0,
    "pct1ResTime" : 1979.0,
    "pct2ResTime" : 2090.0,
    "pct3ResTime" : 2178.0,
    "throughput" : 2490.6352116043677,
    "receivedKBytesPerSec" : 537.5296696919582,
    "sentKBytesPerSec" : 508.3425383059695
  },
  "HTTP Request" : {
    "transaction" : "HTTP Request",
    "sampleCount" : 500000,
    "errorCount" : 0,
    "errorPct" : 0.0,
    "meanResTime" : 1918.8827999999905,
    "medianResTime" : 1360.0,
    "minResTime" : 5.0,
    "maxResTime" : 4811.0,
    "pct1ResTime" : 1979.0,
    "pct2ResTime" : 2090.0,
    "pct3ResTime" : 2178.0,
    "throughput" : 2490.6352116043677,
    "receivedKBytesPerSec" : 537.5296696919582,
    "sentKBytesPerSec" : 508.3425383059695
  }
}