{
  "Total" : {
    "transaction" : "Total",
    "sampleCount" : 500000,
    "errorCount" : 466095,
    "errorPct" : 93.219,
    "meanResTime" : 3329.2228340000083,
    "medianResTime" : 2376.0,
    "minResTime" : 0.0,
    "maxResTime" : 8909.0,
    "pct1ResTime" : 3187.0,
    "pct2ResTime" : 3346.0,
    "pct3ResTime" : 3760.0,
    "throughput" : 1464.3818404936724,
    "receivedKBytesPerSec" : 3269.6263461558883,
    "sentKBytesPerSec" : 20.386783628979824
  },
  "HTTP Request" : {
    "transaction" : "HTTP Request",
    "sampleCount" : 500000,
    "errorCount" : 466095,
    "errorPct" : 93.219,
    "meanResTime" : 3329.2228340000083,
    "medianResTime" : 2376.0,
    "minResTime" : 0.0,
    "maxResTime" : 8909.0,
    "pct1ResTime" : 3187.0,
    "pct2ResTime" : 3346.0,
    "pct3ResTime" : 3760.0,
    "throughput" : 1464.3818404936724,
    "receivedKBytesPerSec" : 3269.6263461558883,
    "sentKBytesPerSec" : 20.386783628979824
  }
}