{
  "Total" : {
    "transaction" : "Total",
    "sampleCount" : 500000,
    "errorCount" : 51,
    "errorPct" : 0.0102,
    "meanResTime" : 1404.4449139999895,
    "medianResTime" : 980.0,
    "minResTime" : 5.0,
    "maxResTime" : 5336.0,
    "pct1ResTime" : 1758.0,
    "pct2ResTime" : 1981.0,
    "pct3ResTime" : 2059.0,
    "throughput" : 3374.957813027337,
    "receivedKBytesPerSec" : 729.1741306846945,
    "sentKBytesPerSec" : 688.7639019258353
  },
  "HTTP Request" : {
    "transaction" : "HTTP Request",
    "sampleCount" : 500000,
    "errorCount" : 51,
    "errorPct" : 0.0102,
    "meanResTime" : 1404.4449139999895,
    "medianResTime" : 980.0,
    "minResTime" : 5.0,
    "maxResTime" : 5336.0,
    "pct1ResTime" : 1758.0,
    "pct2ResTime" : 1981.0,
    "pct3ResTime" : 2059.0,
    "throughput" : 3374.957813027337,
    "receivedKBytesPerSec" : 729.1741306846945,
    "sentKBytesPerSec" : 688.7639019258353
  }
}