{
  "Total" : {
    "transaction" : "Total",
    "sampleCount" : 10000,
    "errorCount" : 0,
    "errorPct" : 0.0,
    "meanResTime" : 1115.5270999999966,
    "medianResTime" : 1107.0,
    "minResTime" : 1102.0,
    "maxResTime" : 1242.0,
    "pct1ResTime" : 1156.0,
    "pct2ResTime" : 1159.0,
    "pct3ResTime" : 1179.0,
    "throughput" : 82.4212053277067,
    "receivedKBytesPerSec" : 3.058599416457866,
    "sentKBytesPerSec" : 11.590481999208755
  },
  "HTTP Request" : {
    "transaction" : "HTTP Request",
    "sampleCount" : 10000,
    "errorCount" : 0,
    "errorPct" : 0.0,
    "meanResTime" : 1115.5270999999966,
    "medianResTime" : 1107.0,
    "minResTime" : 1102.0,
    "maxResTime" : 1242.0,
    "pct1ResTime" : 1156.0,
    "pct2ResTime" : 1159.0,
    "pct3ResTime" : 1179.0,
    "throughput" : 82.4212053277067,
    "receivedKBytesPerSec" : 3.058599416457866,
    "sentKBytesPerSec" : 11.590481999208755
  }
}