{
  "Total" : {
    "transaction" : "Total",
    "sampleCount" : 500000,
    "errorCount" : 469105,
    "errorPct" : 93.821,
    "meanResTime" : 3178.219614000057,
    "medianResTime" : 2808.0,
    "minResTime" : 0.0,
    "maxResTime" : 21123.0,
    "pct1ResTime" : 5002.0,
    "pct2ResTime" : 5006.0,
    "pct3ResTime" : 5648.0,
    "throughput" : 1354.4629554381688,
    "receivedKBytesPerSec" : 3066.4171835847555,
    "sentKBytesPerSec" : 18.74538636055804
  },
  "HTTP Request" : {
    "transaction" : "HTTP Request",
    "sampleCount" : 500000,
    "errorCount" : 469105,
    "errorPct" : 93.821,
    "meanResTime" : 3178.219614000057,
    "medianResTime" : 2808.0,
    "minResTime" : 0.0,
    "maxResTime" : 21123.0,
    "pct1ResTime" : 5002.0,
    "pct2ResTime" : 5006.0,
    "pct3ResTime" : 5648.0,
    "throughput" : 1354.4629554381688,
    "receivedKBytesPerSec" : 3066.4171835847555,
    "sentKBytesPerSec" : 18.74538636055804
  }
}