{
  "Total" : {
    "transaction" : "Total",
    "sampleCount" : 10000,
    "errorCount" : 0,
    "errorPct" : 0.0,
    "meanResTime" : 4336.915899999991,
    "medianResTime" : 4160.0,
    "minResTime" : 4153.0,
    "maxResTime" : 13151.0,
    "pct1ResTime" : 4180.0,
    "pct2ResTime" : 4511.949999999999,
    "pct3ResTime" : 10704.97,
    "throughput" : 22.613843742862507,
    "receivedKBytesPerSec" : 1.6562873835104375,
    "sentKBytesPerSec" : 3.1800717763400397
  },
  "HTTP Request" : {
    "transaction" : "HTTP Request",
    "sampleCount" : 10000,
    "errorCount" : 0,
    "errorPct" : 0.0,
    "meanResTime" : 4336.915899999991,
    "medianResTime" : 4160.0,
    "minResTime" : 4153.0,
    "maxResTime" : 13151.0,
    "pct1ResTime" : 4180.0,
    "pct2ResTime" : 4511.949999999999,
    "pct3ResTime" : 10704.97,
    "throughput" : 22.613843742862507,
    "receivedKBytesPerSec" : 1.6562873835104375,
    "sentKBytesPerSec" : 3.1800717763400397
  }
}