{
  "Total" : {
    "transaction" : "Total",
    "sampleCount" : 10000,
    "errorCount" : 320,
    "errorPct" : 3.2,
    "meanResTime" : 1179.295499999998,
    "medianResTime" : 1211.0,
    "minResTime" : 109.0,
    "maxResTime" : 1560.0,
    "pct1ResTime" : 1216.0,
    "pct2ResTime" : 1219.0,
    "pct3ResTime" : 1281.8399999999965,
    "throughput" : 76.21835033002546,
    "receivedKBytesPerSec" : 32.16492537508956,
    "sentKBytesPerSec" : 10.71820551515983
  },
  "HTTP Request" : {
    "transaction" : "HTTP Request",
    "sampleCount" : 10000,
    "errorCount" : 320,
    "errorPct" : 3.2,
    "meanResTime" : 1179.295499999998,
    "medianResTime" : 1211.0,
    "minResTime" : 109.0,
    "maxResTime" : 1560.0,
    "pct1ResTime" : 1216.0,
    "pct2ResTime" : 1219.0,
    "pct3ResTime" : 1281.8399999999965,
    "throughput" : 76.21835033002546,
    "receivedKBytesPerSec" : 32.16492537508956,
    "sentKBytesPerSec" : 10.71820551515983
  }
}