{
  "Total" : {
    "transaction" : "Total",
    "sampleCount" : 10000,
    "errorCount" : 0,
    "errorPct" : 0.0,
    "meanResTime" : 4373.617799999996,
    "medianResTime" : 4203.0,
    "minResTime" : 4153.0,
    "maxResTime" : 12955.0,
    "pct1ResTime" : 4314.0,
    "pct2ResTime" : 4544.7499999999945,
    "pct3ResTime" : 10549.819999999996,
    "throughput" : 22.439284904868654,
    "receivedKBytesPerSec" : 0.8327078382666101,
    "sentKBytesPerSec" : 3.155524439747154
  },
  "HTTP Request" : {
    "transaction" : "HTTP Request",
    "sampleCount" : 10000,
    "errorCount" : 0,
    "errorPct" : 0.0,
    "meanResTime" : 4373.617799999996,
    "medianResTime" : 4203.0,
    "minResTime" : 4153.0,
    "maxResTime" : 12955.0,
    "pct1ResTime" : 4314.0,
    "pct2ResTime" : 4544.7499999999945,
    "pct3ResTime" : 10549.819999999996,
    "throughput" : 22.439284904868654,
    "receivedKBytesPerSec" : 0.8327078382666101,
    "sentKBytesPerSec" : 3.155524439747154
  }
}