{
  "Total" : {
    "transaction" : "Total",
    "sampleCount" : 500000,
    "errorCount" : 104,
    "errorPct" : 0.0208,
    "meanResTime" : 1478.0425780000053,
    "medianResTime" : 1012.5,
    "minResTime" : 3.0,
    "maxResTime" : 5320.0,
    "pct1ResTime" : 1166.0,
    "pct2ResTime" : 1196.0,
    "pct3ResTime" : 1266.0,
    "throughput" : 3202.377445015179,
    "receivedKBytesPerSec" : 692.6461204798443,
    "sentKBytesPerSec" : 653.4742893123856
  },
  "HTTP Request" : {
    "transaction" : "HTTP Request",
    "sampleCount" : 500000,
    "errorCount" : 104,
    "errorPct" : 0.0208,
    "meanResTime" : 1478.0425780000053,
    "medianResTime" : 1012.5,
    "minResTime" : 3.0,
    "maxResTime" : 5320.0,
    "pct1ResTime" : 1166.0,
    "pct2ResTime" : 1196.0,
    "pct3ResTime" : 1266.0,
    "throughput" : 3202.377445015179,
    "receivedKBytesPerSec" : 692.6461204798443,
    "sentKBytesPerSec" : 653.4742893123856
  }
}