{
  "Total" : {
    "transaction" : "Total",
    "sampleCount" : 500000,
    "errorCount" : 496737,
    "errorPct" : 99.3474,
    "meanResTime" : 3144.889818000009,
    "medianResTime" : 2357.0,
    "minResTime" : 0.0,
    "maxResTime" : 6393.0,
    "pct1ResTime" : 2901.0,
    "pct2ResTime" : 2920.0,
    "pct3ResTime" : 2939.0,
    "throughput" : 1548.8651465071541,
    "receivedKBytesPerSec" : 3669.023294229974,
    "sentKBytesPerSec" : 2.0990752887859063
  },
  "HTTP Request" : {
    "transaction" : "HTTP Request",
    "sampleCount" : 500000,
    "errorCount" : 496737,
    "errorPct" : 99.3474,
    "meanResTime" : 3144.889818000009,
    "medianResTime" : 2357.0,
    "minResTime" : 0.0,
    "maxResTime" : 6393.0,
    "pct1ResTime" : 2901.0,
    "pct2ResTime" : 2920.0,
    "pct3ResTime" : 2939.0,
    "throughput" : 1548.8651465071541,
    "receivedKBytesPerSec" : 3669.023294229974,
    "sentKBytesPerSec" : 2.0990752887859063
  }
}